GEO Accession,Sample,Type,Gene,Scheme
GSM8763708, MEIS1_KO_E03_GT23-12159_CCATTCGA-CGGACAAC_S26,KO,MEIS1,mesenchymal cell formation
GSM8763709, MEIS1_KO_F04_GT23-12160_ACACTAAG-ATATGGAT_S11,KO,MEIS1,mesenchymal cell formation
GSM8763710, MEIS1_KO_H03_GT23-12161_GTGTCGGA-GCGCAAGC_S25,KO,MEIS1,mesenchymal cell formation
GSM8763711, MEIS1_CE_H08_GT23-12162_TTCCTGTT-AAGATACT_S12,CE,MEIS1,mesenchymal cell formation
GSM8763712, MEIS1_CE_C07_GT23-12163_CCTTCACC-GGAGCGTC_S30,CE,MEIS1,mesenchymal cell formation
GSM8763713, MEIS1_CE_E06_GT23-12164_GCCACAGG-ATGGCATG_S2,CE,MEIS1,mesenchymal cell formation
GSM8763714, MEIS1_PTC_F12_GT23-12165_ATTGTGAA-GCAATGCA_S8,PTC,MEIS1,mesenchymal cell formation
GSM8763715, MEIS1_PTC_G9_GT23-12166_ACTCGTGT-GTTCCAAT_S4,PTC,MEIS1,mesenchymal cell formation
GSM8763716, MEIS1_PTC_G11_GT23-12167_GTCTACAC-ACCTTGGC_S31,PTC,MEIS1,mesenchymal cell formation
GSM8763717, MEIS1_WT_1__GT23-12156_CGGAACTG-TCGTAGTG_S62,WT,MEIS1,mesenchymal cell formation
GSM8763718, MEIS1_WT_2_GT23-12157_TAAGGTCA-CTACGACA_S9,WT,MEIS1,mesenchymal cell formation
GSM8763719, MEIS1_WT_3_GT23-12158_TTGCCTAG-TAAGTGGT_S22,WT,MEIS1,mesenchymal cell formation
GSM8763720, MDX1_KO_C03_GT23-10879_CGTTAGAA-GACCTGAA_S5,KO,MXD1,primitive syncytium formation
GSM8763721, MDX1_KO_C04_GT23-10880_AGCCTCAT-TCTCTACT_S11,KO,MXD1,primitive syncytium formation
GSM8763722, MDX1_KO_D01_GT23-10881_GATTCTGC-CTCTCGTC_S9,KO,MXD1,primitive syncytium formation
GSM8763723, MDX1_CE_F07_GT23-10885_CGGACAAC-AATCCGGA_S40,CE,MXD1,primitive syncytium formation
GSM8763724, MDX1_CE_H05_GT23-10886_ATATGGAT-TAATACAG_S10,CE,MXD1,primitive syncytium formation
GSM8763725, MDX1_CE_H08_GT23-10887_GCGCAAGC-CGGCGTGA_S25,CE,MXD1,primitive syncytium formation
GSM8763726, MDX1_PTC_B10_GT23-10882_TCGTAGTG-CCAAGTCT_S4,PTC,MXD1,primitive syncytium formation
GSM8763727, MDX1_PTC_C11_GT23-10883_CTACGACA-TTGGACTC_S18,PTC,MXD1,primitive syncytium formation
GSM8763728, MDX1_PTC_G10_GT23-10884_TAAGTGGT-GGCTTAAG_S34,PTC,MXD1,primitive syncytium formation
GSM8763729, MDX1_KOLF2_1_GT23-10876_GGCATTCT-CAAGCTAG_S8,WT,MXD1,primitive syncytium formation
GSM8763730, MDX1_KOLF2_2_GT23-10877_AATGCCTC-TGGATCGA_S3,WT,MXD1,primitive syncytium formation
GSM8763731, MDX1_KOLF2_3_GT23-10878_TACCGAGG-AGTTCAGG_S13,WT,MXD1,primitive syncytium formation
GSM8763732, MEIS2_KO_C02_GT23-12173_GACGTCTT-GGTGAACC_S28,KO,MEIS2,mesenchymal cell formation
GSM8763733, MEIS2_CE_A06_GT23-12174_TGCGAGAC-CAACAATG_S1,CE,MEIS2,mesenchymal cell formation
GSM8763734, MEIS2_CE_C06_GT23-12175_CATAGAGT-TGGTGGCA_S10,CE,MEIS2,mesenchymal cell formation
GSM8763735, MEIS2_CE_C08_GT23-12176_ACAGGCGC-AGGCAGAG_S7,CE,MEIS2,mesenchymal cell formation
GSM8763736, MEIS2_PTC_B09_GT23-12177_GTGAATAT-GAATGAGA_S19,PTC,MEIS2,mesenchymal cell formation
GSM8763737, MEIS2_PTC_E11_GT23-12178_AACTGTAG-TGCGGCGT_S16,PTC,MEIS2,mesenchymal cell formation
GSM8763738, MEIS2_PTC_G09_GT23-12179_GGTCACGA-CATAATAC_S14,PTC,MEIS2,mesenchymal cell formation
GSM8763739, MEIS2_WT_1_GT23-12168_CAATTAAC-ATATCTCG_S18,WT,MEIS2,mesenchymal cell formation
GSM8763740, MEIS2_WT_2_GT23-12169_TGGCCGGT-GCGCTCTA_S6,WT,MEIS2,mesenchymal cell formation
GSM8763741, MEIS2_WT_3_GT23-12170_AGTACTCC-AACAGGTT_S13,WT,MEIS2,mesenchymal cell formation
GSM8763742, RUNX1_KO_B07_GT23-13722_TGACGAAT-GCCTACTG_S163,KO,RUNX1,primitive syncytium formation
GSM8763743, RUNX1_KO_F08_GT23-13723_TAATACAG-GTGAATAT_S173,KO,RUNX1,primitive syncytium formation
GSM8763744, RUNX1_KO_G07_GT23-13724_CGGCGTGA-ACAGGCGC_S175,KO,RUNX1,primitive syncytium formation
GSM8763745, RUNX1_CE_A11_GT23-13725_ATGTAAGT-CATAGAGT_S161,CE,RUNX1,primitive syncytium formation
GSM8763746, RUNX1_CE_B02_GT23-13726_GCACGGAC-TGCGAGAC_S178,CE,RUNX1,primitive syncytium formation
GSM8763747, RUNX1_CE_D02_GT23-13727_GGTACCTT-GACGTCTT_S172,CE,RUNX1,primitive syncytium formation
GSM8763748, RUNX1_PTC_C12_GT23-13728_AACGTTCC-AGTACTCC_S176,PTC,RUNX1,primitive syncytium formation
GSM8763749, RUNX1_PTC_D09_GT23-13729_GCAGAATT-TGGCCGGT_S167,PTC,RUNX1,primitive syncytium formation
GSM8763750, RUNX1_PTC_F09_GT23-13730_ATGAGGCC-CAATTAAC_S171,PTC,RUNX1,primitive syncytium formation
GSM8763751, RUNX1_WT1_GT23-13719_CCAAGTCT-TCATCCTT_S170,WT,RUNX1,primitive syncytium formation
GSM8763752, RUNX1_WT2_GT23-13720_TTGGACTC-CTGCTTCC_S157,WT,RUNX1,primitive syncytium formation
GSM8763753, RUNX1_WT3_GT23-13721_GGCTTAAG-GGTCACGA_S174,WT,RUNX1,primitive syncytium formation
GSM8763754, MEF2C_KO_B01_GT23-13710_AAGTCCAA-TACTCATA_S164,KO,MEF2C,mesenchymal cell formation
GSM8763755, MEF2C_KO_D03_GT23-13711_ATCCACTG-ACGCACCT_S169,KO,MEF2C,mesenchymal cell formation
GSM8763756, MEF2C_KO_G01_GT23-13712_GCTTGTCA-GTATGTTC_S179,KO,MEF2C,mesenchymal cell formation
GSM8763757, MEF2C_CE_A05_GT23-13713_CAAGCTAG-CGCTATGT_S168,CE,MEF2C,mesenchymal cell formation
GSM8763758, MEF2C_CE_C07_GT23-13714_TGGATCGA-TATCGCAC_S158,CE,MEF2C,mesenchymal cell formation
GSM8763759, MEF2C_CE_D08_GT23-13715_AGTTCAGG-TCTGTTGG_S159,CE,MEF2C,mesenchymal cell formation
GSM8763760, MEF2C_PTC_A01_GT23-13716_GACCTGAA-CTCACCAA_S160,PTC,MEF2C,mesenchymal cell formation
GSM8763761, MEF2C_PTC_B03_GT23-13717_TCTCTACT-GAACCGCG_S177,PTC,MEF2C,mesenchymal cell formation
GSM8763762, MEF2C_PTC_D07_GT23-13718_CTCTCGTC-AGGTTATA_S156,PTC,MEF2C,mesenchymal cell formation
GSM8763763, MEF2C_WT1_GT23-13707_CCGCGGTT-CTAGCGCT_S165,WT,MEF2C,mesenchymal cell formation
GSM8763764, MEF2C_WT2_GT23-13708_TTATAACC-TCGATATC_S162,WT,MEF2C,mesenchymal cell formation
GSM8763765, MEF2C_WT3_GT23-13709_GGACTTGG-CGTCTGCG_S166,WT,MEF2C,mesenchymal cell formation
GSM8763766, NC0A3_KO_A02_GT24-01166_CCAAGTCT-TCATCCTT_S138,KO,NCOA3,primitive syncytium formation
GSM8763767, NC0A3_KO_A12_GT24-01167_TTGGACTC-CTGCTTCC_S147,KO,NCOA3,primitive syncytium formation
GSM8763768, NC0A3_KO_D11_GT24-01168_CAGTAGGC-ATTCGTCA_S133,KO,NCOA3,primitive syncytium formation
GSM8763769, NC0A3_CE_F08_GT24-01169_TGACGAAT-GCCTACTG_S137,CE,NCOA3,primitive syncytium formation
GSM8763770, NC0A3_CE_G05_GT24-01170_TAATACAG-GTGAATAT_S130,CE,NCOA3,primitive syncytium formation
GSM8763771, NC0A3_CE_H06_GT24-01171_CGGCGTGA-ACAGGCGC_S141,CE,NCOA3,primitive syncytium formation
GSM8763772, NC0A3_PTC_A10_GT24-01172_ATGTAAGT-CATAGAGT_S132,PTC,NCOA3,primitive syncytium formation
GSM8763773, NC0A3_PTC_A11_GT24-01173_GCACGGAC-TGCGAGAC_S149,PTC,NCOA3,primitive syncytium formation
GSM8763774, NC0A3_PTC_F10_GT24-01174_GGTACCTT-GACGTCTT_S151,PTC,NCOA3,primitive syncytium formation
GSM8763775, NC0A3_WT_1_GT24-01175_AACGTTCC-AGTACTCC_S144,WT,NCOA3,primitive syncytium formation
GSM8763776, NC0A3_WT_2_GT24-01176_GCAGAATT-TGGCCGGT_S146,WT,NCOA3,primitive syncytium formation
GSM8763777, NC0A3_WT_3_GT24-01177_ATGAGGCC-CAATTAAC_S131,WT,NCOA3,primitive syncytium formation
GSM8763778, BMLHE40_KO_A01_GT24-00863_TGCGGCGT-TACCGAGG_S198,KO,BHLHE40,primitive syncytium formation
GSM8763779, BMLHE40_KO_A03_GT24-00864_CATAATAC-CGTTAGAA_S187,KO,BHLHE40,primitive syncytium formation
GSM8763780, BMLHE40_KO_D01_GT24-00865_GATCTATC-AGCCTCAT_S189,KO,BHLHE40,primitive syncytium formation
GSM8763781, BMLHE40_CE_A06_GT24-00866_AGCTCGCT-GATTCTGC_S190,CE,BHLHE40,primitive syncytium formation
GSM8763782, BMLHE40_CE_B06_GT24-00867_CGGAACTG-TCGTAGTG_S194,CE,BHLHE40,primitive syncytium formation
GSM8763783, BMLHE40_CE_H05_GT24-00868_TAAGGTCA-CTACGACA_S192,CE,BHLHE40,primitive syncytium formation
GSM8763784, BMLHE40_PTC_B12_GT24-00869_TTGCCTAG-TAAGTGGT_S196,PTC,BHLHE40,primitive syncytium formation
GSM8763785, BMLHE40_PTC_C11_GT24-00870_CCATTCGA-CGGACAAC_S197,PTC,BHLHE40,primitive syncytium formation
GSM8763786, BMLHE40_PTC_D09_GT24-00871_ACACTAAG-ATATGGAT_S195,PTC,BHLHE40,primitive syncytium formation
GSM8763787, BMLHE40_WT_1_GT24-00872_GTGTCGGA-GCGCAAGC_S193,WT,BHLHE40,primitive syncytium formation
GSM8763788, BMLHE40_WT_2_GT24-00873_TTCCTGTT-AAGATACT_S191,WT,BHLHE40,primitive syncytium formation
GSM8763789, BMLHE40_WT_3_GT24-00874_CCTTCACC-GGAGCGTC_S188,WT,BHLHE40,primitive syncytium formation